cli_codigo;cnae;cnae_descr;cne_cnae_principal
72613;7120-1/00;Testes e análises técnicas;1
72613;7490-1/99;Outras atividades profissionais, científicas e técnicas não especificadas anteriormente;0
72613;7210-0/00;Pesquisa e desenvolvimento experimental em ciências físicas e naturais;0
281372;1340-5/01;Estamparia e texturização em fios, tecidos, artefatos têxteis e peças do vestuário;1
281372;1311-1/00;Preparação e fiação de fibras de algodão;0
281372;1340-5/99;Outros serviços de acabamento em fios, tecidos, artefatos têxteis e peças do vestuário;0
843640;7739-0/99;Aluguel de outras máquinas e equipamentos comerciais e industriais não especificados anteriormente, sem operador;1
843640;3314-7/08;Manutenção e reparação de máquinas, equipamentos e aparelhos para transporte e elevação de cargas;0
843640;4530-7/03;Comércio a varejo de peças e acessórios novos para veículos automotores;0
843640;4930-2/02;Transporte rodoviário de carga, exceto produtos perigosos e mudanças, intermunicipal, interestadual e internacional;0
843640;4930-2/04;Transporte rodoviário de mudanças;0
843640;4930-2/01;Transporte rodoviário de carga, exceto produtos perigosos e mudanças, municipal;0
1176388;1622-6/02;Fabricação de esquadrias de madeira e de peças de madeira para instalações industriais e comerciais;1
1176388;3101-2/00;Fabricação de móveis com predominância de madeira;0
1258567;4641-9/01;Comércio atacadista de tecidos;1
1258567;4641-9/03;Comércio atacadista de artigos de armarinho;0
1258567;4641-9/02;Comércio atacadista de artigos de cama, mesa e banho;0
1258567;4649-4/05;"Comércio atacadista de artigos de tapeçaria; persianas e cortinas";0
1258568;4641-9/01;Comércio atacadista de tecidos;1
1258568;1323-5/00;Tecelagem de fios de fibras artificiais e sintéticas;1
1258568;4649-4/05;"Comércio atacadista de artigos de tapeçaria; persianas e cortinas";0
1258568;4689-3/02;Comércio atacadista de fios e fibras beneficiados;0
1258568;4641-9/03;Comércio atacadista de artigos de armarinho;0
1258568;4641-9/02;Comércio atacadista de artigos de cama, mesa e banho;0
1295720;4661-3/00;"Comércio atacadista de máquinas, aparelhos e equipamentos para uso agropecuário; partes e peças";1
1295720;4520-0/02;Serviços de lanternagem ou funilaria e pintura de veículos automotores;0
1295720;4520-0/05;Serviços de lavagem, lubrificação e polimento de veículos automotores;0
1295720;4614-1/00;Representantes comerciais e agentes do comércio de máquinas, equipamentos, embarcações e aeronaves;0
1295720;6810-2/02;Aluguel de imóveis próprios;0
1295720;4520-0/01;Serviços de manutenção e reparação mecânica de veículos automotores;0
1320441;2122-0/00;Fabricação de medicamentos para uso veterinário;1
1320441;4623-1/09;Comércio atacadista de alimentos para animais;0
1320441;1066-0/00;Fabricação de alimentos para animais;0
1320441;7120-1/00;Testes e análises técnicas;0
1320441;4646-0/01;Comércio atacadista de cosméticos e produtos de perfumaria;0
1320441;2052-5/00;Fabricação de desinfestantes domissanitários;0
1320441;2061-4/00;Fabricação de sabões e detergentes sintéticos;0
1320441;4649-4/08;Comércio atacadista de produtos de higiene, limpeza e conservação domiciliar;0
1320441;4663-0/00;"Comércio atacadista de máquinas e equipamentos para uso industrial; partes e peças";0
1320441;2093-2/00;Fabricação de aditivos de uso industrial;0
1320441;2062-2/00;Fabricação de produtos de limpeza e polimento;0
1320441;4683-4/00;Comércio atacadista de defensivos agrícolas, adubos, fertilizantes e corretivos do solo;0
1320441;7210-0/00;Pesquisa e desenvolvimento experimental em ciências físicas e naturais;0
1345040;2219-6/00;Fabricação de artefatos de borracha não especificados anteriormente;1
1345040;3319-8/00;Manutenção e reparação de equipamentos e produtos não especificados anteriormente;0
1384116;4641-9/01;Comércio atacadista de tecidos;1
1384116;4693-1/00;Comércio atacadista de mercadorias em geral, sem predominância de alimentos ou de insumos agropecuários;0
1384116;4642-7/01;Comércio atacadista de artigos do vestuário e acessórios, exceto profissionais e de segurança;0
1395739;4744-0/05;Comércio varejista de materiais de construção não especificados anteriormente;1
1395739;7732-2/01;Aluguel de máquinas e equipamentos para construção sem operador, exceto andaimes;0
1395739;4753-9/00;Comércio varejista especializado de eletrodomésticos e equipamentos de áudio e vídeo;0
1395739;4330-4/99;Outras obras de acabamento da construção;0
1395739;4213-8/00;Obras de urbanização - ruas, praças e calçadas;0
1434413;4530-7/01;Comércio por atacado de peças e acessórios novos para veículos automotores;1
1434413;4530-7/03;Comércio a varejo de peças e acessórios novos para veículos automotores;1
1434413;4520-0/07;Serviços de instalação, manutenção e reparação de acessórios para veículos automotores;0
1434415;4530-7/01;Comércio por atacado de peças e acessórios novos para veículos automotores;1
1434415;4530-7/03;Comércio a varejo de peças e acessórios novos para veículos automotores;1
1441945;4530-7/03;Comércio a varejo de peças e acessórios novos para veículos automotores;1
1441945;4753-9/00;Comércio varejista especializado de eletrodomésticos e equipamentos de áudio e vídeo;0
1446141;1313-8/00;Fiação de fibras artificiais e sintéticas;1
1446141;8211-3/00;Serviços combinados de escritório e apoio administrativo;0
1446141;8630-5/02;Atividade médica ambulatorial com recursos para realização de exames complementares;0
1446141;3600-6/01;Captação, tratamento e distribuição de água;0
1446141;2040-1/00;Fabricação de fibras artificiais e sintéticas;0
1477278;2123-8/00;Fabricação de preparações farmacêuticas;1
1477278;2222-6/00;Fabricação de embalagens de material plástico;0
1477278;3250-7/05;Fabricação de materiais para medicina e odontologia;0
1477278;2110-6/00;Fabricação de produtos farmoquímicos;0
1477278;4645-1/01;Comércio atacadista de instrumentos e materiais para uso médico, cirúrgico, hospitalar e de laboratórios;0
1504426;4649-4/99;Comércio atacadista de outros equipamentos e artigos de uso pessoal e doméstico não especificados anteriormente;1
1505719;4929-9/02;Transporte rodoviário coletivo de passageiros, sob regime de fretamento, intermunicipal, interestadual e internacional;1
1505719;4923-0/01;Serviço de táxi;0
1505719;4929-9/01;Transporte rodoviário coletivo de passageiros, sob regime de fretamento, municipal;0
1505719;4930-2/02;Transporte rodoviário de carga, exceto produtos perigosos e mudanças, intermunicipal, interestadual e internacional;0
1505719;5240-1/99;Atividades auxiliares dos transportes aéreos, exceto operação dos aeroportos e campos de aterrissagem;0
1505719;4924-8/00;Transporte escolar;0
1505719;7711-0/00;Locação de automóveis sem condutor;0
1506688;2821-6/01;Fabricação de fornos industriais, aparelhos e equipamentos não-elétricos para instalações térmicas, peças e acessórios;1
1506688;3311-2/00;Manutenção e reparação de tanques, reservatórios metálicos e caldeiras, exceto para veículos;0
1513086;2063-1/00;Fabricação de cosméticos, produtos de perfumaria e de higiene pessoal;1
1513086;4772-5/00;Comércio varejista de cosméticos, produtos de perfumaria e de higiene pessoal;0
1513086;4646-0/01;Comércio atacadista de cosméticos e produtos de perfumaria;0
1527478;4641-9/01;Comércio atacadista de tecidos;1
1527478;4618-4/99;Outros representantes comerciais e agentes do comércio especializado em produtos não especificados anteriormente;0
1527478;4649-4/04;Comércio atacadista de móveis e artigos de colchoaria;0
1533746;2330-3/05;Preparação de massa de concreto e argamassa para construção;1
1533746;2330-3/01;Fabricação de estruturas pré-moldadas de concreto armado, em série e sob encomenda;0
1533746;7732-2/01;Aluguel de máquinas e equipamentos para construção sem operador, exceto andaimes;0
1543812;1622-6/02;Fabricação de esquadrias de madeira e de peças de madeira para instalações industriais e comerciais;1
1543812;4930-2/02;Transporte rodoviário de carga, exceto produtos perigosos e mudanças, intermunicipal, interestadual e internacional;0
1772035;8513-9/00;Ensino fundamental;1
1772035;8512-1/00;Educação infantil - pré-escola;0
1772035;8800-6/00;Serviços de assistência social sem alojamento;0
1772035;8550-3/02;Atividades de apoio à educação, exceto caixas escolares;0
1772035;8520-1/00;Ensino médio;0
1772035;9493-6/00;Atividades de organizações associativas ligadas à cultura e à arte;0
1902716;4530-7/03;Comércio a varejo de peças e acessórios novos para veículos automotores;1
1902716;4520-0/01;Serviços de manutenção e reparação mecânica de veículos automotores;0
1902857;1629-3/01;Fabricação de artefatos diversos de madeira, exceto móveis;1
1902858;4763-6/02;Comércio varejista de artigos esportivos;1
1902858;8299-7/99;Outras atividades de serviços prestados principalmente às empresas não especificadas anteriormente;0
1916481;1414-2/00;Fabricação de acessórios do vestuário, exceto para segurança e proteção;1
1916481;1813-0/99;Impressão de material para outros usos;0
1916481;1731-1/00;Fabricação de embalagens de papel;0
1916481;7490-1/99;Outras atividades profissionais, científicas e técnicas não especificadas anteriormente;0
1916481;4689-3/99;Comércio atacadista especializado em outros produtos intermediários não especificados anteriormente;0
1916481;3299-0/05;Fabricação de aviamentos para costura;0
1916481;4616-8/00;Representantes comerciais e agentes do comércio de têxteis, vestuário, calçados e artigos de viagem;0
1916481;1741-9/02;Fabricação de produtos de papel, cartolina, papel-cartão e papelão ondulado para uso comercial e de escritório;0
1916481;4642-7/01;Comércio atacadista de artigos do vestuário e acessórios, exceto profissionais e de segurança;0
1916481;4781-4/00;Comércio varejista de artigos do vestuário e acessórios;0
1919832;4744-0/02;Comércio varejista de madeira e artefatos;1
1919832;4744-0/01;Comércio varejista de ferragens e ferramentas;0
1919832;4759-8/99;Comércio varejista de outros artigos de uso pessoal e doméstico não especificados anteriormente;0
1933418;4663-0/00;"Comércio atacadista de máquinas e equipamentos para uso industrial; partes e peças";1
1933418;2869-1/00;Fabricação de máquinas e equipamentos para uso industrial específico não especificados anteriormente, peças e acessórios;0
1933418;2599-3/99;Fabricação de outros produtos de metal não especificados anteriormente;0
1933418;2452-1/00;Fundição de metais não-ferrosos e suas ligas;0
1933418;2539-0/01;Serviços de usinagem, tornearia e solda;0
1933418;2651-5/00;Fabricação de aparelhos e equipamentos de medida, teste e controle;0
1937671;8424-8/00;Segurança e ordem pública;1
1937671;6911-7/01;Serviços advocatícios;1
1944218;6462-0/00;Holdings de instituições não-financeiras;1
1944218;2862-3/00;Fabricação de máquinas e equipamentos para as indústrias de alimentos, bebidas e fumo, peças e acessórios;1
1944218;7739-0/99;Aluguel de outras máquinas e equipamentos comerciais e industriais não especificados anteriormente, sem operador;0
1944218;2862-3/00;Fabricação de máquinas e equipamentos para as indústrias de alimentos, bebidas e fumo, peças e acessórios;0
1944218;4663-0/00;"Comércio atacadista de máquinas e equipamentos para uso industrial; partes e peças";0
1944218;6463-8/00;Outras sociedades de participação, exceto holdings;0
1944218;3321-0/00;Instalação de máquinas e equipamentos industriais;0
1945342;4663-0/00;"Comércio atacadista de máquinas e equipamentos para uso industrial; partes e peças";1
1945342;3314-7/13;Manutenção e reparação de máquinas-ferramenta;0
1945342;7739-0/99;Aluguel de outras máquinas e equipamentos comerciais e industriais não especificados anteriormente, sem operador;0
1945342;8599-6/04;Treinamento em desenvolvimento profissional e gerencial;0
1945342;3321-0/00;Instalação de máquinas e equipamentos industriais;0
1965489;4744-0/01;Comércio varejista de ferragens e ferramentas;1
1965489;4530-7/03;Comércio a varejo de peças e acessórios novos para veículos automotores;0
1969032;1621-8/00;Fabricação de madeira laminada e de chapas de madeira compensada, prensada e aglomerada;1
1969032;0210-1/01;Cultivo de eucalipto;0
1969032;4930-2/02;Transporte rodoviário de carga, exceto produtos perigosos e mudanças, intermunicipal, interestadual e internacional;0
1969032;4671-1/00;Comércio atacadista de madeira e produtos derivados;0
1969032;0210-1/07;Extração de madeira em florestas plantadas;0
1969032;1610-2/04;Serrarias sem desdobramento de madeira em bruto - resserragem;0
1971281;1111-9/01;Fabricação de aguardente de cana-de-açúcar;1
1971281;7112-0/00;Serviços de engenharia;0
1971281;1111-9/02;Fabricação de outras aguardentes e bebidas destiladas;0
1971281;5611-2/01;Restaurantes e similares;0
1971281;3314-7/19;Manutenção e reparação de máquinas e equipamentos para as indústrias de alimentos, bebidas e fumo;0
1971281;2862-3/00;Fabricação de máquinas e equipamentos para as indústrias de alimentos, bebidas e fumo, peças e acessórios;0
1975143;2061-4/00;Fabricação de sabões e detergentes sintéticos;1
1975143;2062-2/00;Fabricação de produtos de limpeza e polimento;0
1975143;4789-0/05;Comércio varejista de produtos saneantes domissanitários;0
1975143;2063-1/00;Fabricação de cosméticos, produtos de perfumaria e de higiene pessoal;0
1975143;4759-8/99;Comércio varejista de outros artigos de uso pessoal e doméstico não especificados anteriormente;0
1975143;4649-4/99;Comércio atacadista de outros equipamentos e artigos de uso pessoal e doméstico não especificados anteriormente;0
1975143;2052-5/00;Fabricação de desinfestantes domissanitários;0
1975143;4649-4/08;Comércio atacadista de produtos de higiene, limpeza e conservação domiciliar;0
1975143;4789-0/99;Comércio varejista de outros produtos não especificados anteriormente;0
1975143;4646-0/01;Comércio atacadista de cosméticos e produtos de perfumaria;0
1975143;4772-5/00;Comércio varejista de cosméticos, produtos de perfumaria e de higiene pessoal;0
1975143;4646-0/02;Comércio atacadista de produtos de higiene pessoal;0
1983135;4661-3/00;"Comércio atacadista de máquinas, aparelhos e equipamentos para uso agropecuário; partes e peças";1
1983135;4520-0/01;Serviços de manutenção e reparação mecânica de veículos automotores;0
1985557;2543-8/00;Fabricação de ferramentas;1
1985557;8299-7/99;Outras atividades de serviços prestados principalmente às empresas não especificadas anteriormente;0
1985557;4744-0/01;Comércio varejista de ferragens e ferramentas;0
1985557;3314-7/13;Manutenção e reparação de máquinas-ferramenta;0
1986082;4211-1/01;Construção de rodovias e ferrovias;1
1986082;2399-1/99;Fabricação de outros produtos de minerais não-metálicos não especificados anteriormente;0
1986082;6810-2/02;Aluguel de imóveis próprios;0
1986082;0810-0/99;Extração e britamento de pedras e outros materiais para construção e beneficiamento associado;0
1986082;4313-4/00;Obras de terraplenagem;0
1986082;4744-0/99;Comércio varejista de materiais de construção em geral;0
1986082;0810-0/07;Extração de argila e beneficiamento associado;0
1986082;4930-2/03;Transporte rodoviário de produtos perigosos;0
1986082;7732-2/01;Aluguel de máquinas e equipamentos para construção sem operador, exceto andaimes;0
1986082;0810-0/06;Extração de areia, cascalho ou pedregulho e beneficiamento associado;0
1986082;0810-0/08;Extração de saibro e beneficiamento associado;0
1986082;4399-1/01;Administração de obras;0
1986082;8211-3/00;Serviços combinados de escritório e apoio administrativo;0
1986082;7112-0/00;Serviços de engenharia;0
1986082;0810-0/02;Extração de granito e beneficiamento associado;0
1986082;4222-7/01;Construção de redes de abastecimento de água, coleta de esgoto e construções correlatas, exceto obras de irrigação;0
1986082;0899-1/99;Extração de outros minerais não-metálicos não especificados anteriormente;0
1986082;4212-0/00;Construção de obras-de-arte especiais;0
1986082;0810-0/09;Extração de basalto e beneficiamento associado;0
1986082;4213-8/00;Obras de urbanização - ruas, praças e calçadas;0
1986082;4930-2/01;Transporte rodoviário de carga, exceto produtos perigosos e mudanças, municipal;0
1989284;2930-1/03;Fabricação de cabines, carrocerias e reboques para outros veículos automotores, exceto caminhões e ônibus;1
1989611;4743-1/00;Comércio varejista de vidros;1
1989611;4789-0/99;Comércio varejista de outros produtos não especificados anteriormente;0
1989860;2823-2/00;Fabricação de máquinas e aparelhos de refrigeração e ventilação para uso industrial e comercial, peças e acessórios;1
1989860;4757-1/00;Comércio varejista especializado de peças e acessórios para aparelhos eletroeletrônicos para uso doméstico, exceto informática e comunicação;0
1989860;9521-5/00;Reparação e manutenção de equipamentos eletroeletrônicos de uso pessoal e doméstico;0
2003525;9529-1/99;Reparação e manutenção de outros objetos e equipamentos pessoais e domésticos não especificados anteriormente;1
2003525;4530-7/03;Comércio a varejo de peças e acessórios novos para veículos automotores;0
2003525;4520-0/07;Serviços de instalação, manutenção e reparação de acessórios para veículos automotores;0
2003525;4530-7/01;Comércio por atacado de peças e acessórios novos para veículos automotores;0
2011462;4671-1/00;Comércio atacadista de madeira e produtos derivados;1
2011462;0230-6/00;Atividades de apoio à produção florestal;0
2011462;0161-0/03;Serviço de preparação de terreno, cultivo e colheita;0
2011462;0161-0/99;Atividades de apoio à agricultura não especificadas anteriormente;0
2011462;0210-1/07;Extração de madeira em florestas plantadas;0
2011462;4930-2/02;Transporte rodoviário de carga, exceto produtos perigosos e mudanças, intermunicipal, interestadual e internacional;0
2019998;4530-7/03;Comércio a varejo de peças e acessórios novos para veículos automotores;1
2019998;5229-0/02;Serviços de reboque de veículos;0
2019998;4520-0/01;Serviços de manutenção e reparação mecânica de veículos automotores;0
2019998;4511-1/01;Comércio a varejo de automóveis, camionetas e utilitários novos;0
2019998;4520-0/02;Serviços de lanternagem ou funilaria e pintura de veículos automotores;0
2019998;4930-2/02;Transporte rodoviário de carga, exceto produtos perigosos e mudanças, intermunicipal, interestadual e internacional;0
2020646;4530-7/03;Comércio a varejo de peças e acessórios novos para veículos automotores;1
2020646;4530-7/04;Comércio a varejo de peças e acessórios usados para veículos automotores;0
2020646;4530-7/01;Comércio por atacado de peças e acessórios novos para veículos automotores;0
2020646;4520-0/01;Serviços de manutenção e reparação mecânica de veículos automotores;0
2025207;4681-8/05;Comércio atacadista de lubrificantes;1
2025207;3811-4/00;Coleta de resíduos não-perigosos;0
2025207;4930-2/03;Transporte rodoviário de produtos perigosos;0
2025207;5030-1/02;Navegação de apoio portuário;0
2025207;7740-3/00;Gestão de ativos intangíveis não-financeiros;0
2025207;5239-7/99;Atividades auxiliares dos transportes aquaviários não especificadas anteriormente;0
2025207;4637-1/03;Comércio atacadista de óleos e gorduras;0
2025207;7739-0/99;Aluguel de outras máquinas e equipamentos comerciais e industriais não especificados anteriormente, sem operador;0
2025207;3900-5/00;Descontaminação e outros serviços de gestão de resíduos;0
2025207;4930-2/01;Transporte rodoviário de carga, exceto produtos perigosos e mudanças, municipal;0
2025207;5030-1/01;Navegação de apoio marítimo;0
2025207;3839-4/99;Recuperação de materiais não especificados anteriormente;0
2025207;4930-2/02;Transporte rodoviário de carga, exceto produtos perigosos e mudanças, intermunicipal, interestadual e internacional;0
2025207;3822-0/00;Tratamento e disposição de resíduos perigosos;0
2025207;3812-2/00;Coleta de resíduos perigosos;0
2025207;7719-5/99;Locação de outros meios de transporte não especificados anteriormente, sem condutor;0
2025207;4732-6/00;Comércio varejista de lubrificantes;0
2025207;5021-1/02;Transporte por navegação interior de carga, intermunicipal, interestadual e internacional, exceto travessia;0
2025209;4681-8/05;Comércio atacadista de lubrificantes;1
2025209;3812-2/00;Coleta de resíduos perigosos;0
2025210;3812-2/00;Coleta de resíduos perigosos;1
2025210;4637-1/03;Comércio atacadista de óleos e gorduras;0
2025210;4681-8/05;Comércio atacadista de lubrificantes;0
2025468;1629-3/01;Fabricação de artefatos diversos de madeira, exceto móveis;1
2036630;2330-3/02;Fabricação de artefatos de cimento para uso na construção;1
2036630;2330-3/99;Fabricação de outros artefatos e produtos de concreto, cimento, fibrocimento, gesso e materiais semelhantes;1
2036630;4689-3/01;Comércio atacadista de produtos da extração mineral, exceto combustíveis;0
2036630;2330-3/02;Fabricação de artefatos de cimento para uso na construção;0
2036630;4744-0/99;Comércio varejista de materiais de construção em geral;0
2036630;2330-3/01;Fabricação de estruturas pré-moldadas de concreto armado, em série e sob encomenda;0
2036630;7711-0/00;Locação de automóveis sem condutor;0
2036630;4930-2/01;Transporte rodoviário de carga, exceto produtos perigosos e mudanças, municipal;0
2036630;4930-2/02;Transporte rodoviário de carga, exceto produtos perigosos e mudanças, intermunicipal, interestadual e internacional;0
2036630;4744-0/04;Comércio varejista de cal, areia, pedra britada, tijolos e telhas;0
2040699;3811-4/00;Coleta de resíduos não-perigosos;1
2040699;3821-1/00;Tratamento e disposição de resíduos não-perigosos;0
2040699;4744-0/99;Comércio varejista de materiais de construção em geral;0
2040699;3831-9/99;Recuperação de materiais metálicos, exceto alumínio;0
2041727;2829-1/99;Fabricação de outras máquinas e equipamentos de uso geral não especificados anteriormente, peças e acessórios;1
2041727;0321-3/05;Atividades de apoio à aqüicultura em água salgada e salobra;0
2041727;4669-9/99;"Comércio atacadista de outras máquinas e equipamentos não especificados anteriormente; partes e peças";0
2041727;3321-0/00;Instalação de máquinas e equipamentos industriais;0
2041727;2833-0/00;Fabricação de máquinas e equipamentos para a agricultura e pecuária, peças e acessórios, exceto para irrigação;0
2041727;4789-0/99;Comércio varejista de outros produtos não especificados anteriormente;0
2041727;4618-4/99;Outros representantes comerciais e agentes do comércio especializado em produtos não especificados anteriormente;0
2041727;4634-6/03;Comércio atacadista de pescados e frutos do mar;0
2041727;2521-7/00;Fabricação de tanques, reservatórios metálicos e caldeiras para aquecimento central;0
2041727;6463-8/00;Outras sociedades de participação, exceto holdings;0
2041727;0322-1/07;Atividades de apoio à aqüicultura em água doce;0
2041727;7210-0/00;Pesquisa e desenvolvimento experimental em ciências físicas e naturais;0
2041727;2812-7/00;Fabricação de equipamentos hidráulicos e pneumáticos, peças e acessórios, exceto válvulas;0
2041964;2222-6/00;Fabricação de embalagens de material plástico;1
2041964;4649-4/99;Comércio atacadista de outros equipamentos e artigos de uso pessoal e doméstico não especificados anteriormente;0
2041964;4759-8/99;Comércio varejista de outros artigos de uso pessoal e doméstico não especificados anteriormente;0
2044569;3101-2/00;Fabricação de móveis com predominância de madeira;1
2044569;3102-1/00;Fabricação de móveis com predominância de metal;0
2044569;9529-1/05;Reparação de artigos do mobiliário;0
2044569;2391-5/03;Aparelhamento de placas e execução de trabalhos em mármore, granito, ardósia e outras pedras;0
2044569;4754-7/01;Comércio varejista de móveis;0
2045099;4755-5/01;Comércio varejista de tecidos;1
2048015;4530-7/03;Comércio a varejo de peças e acessórios novos para veículos automotores;1
2048015;4744-0/01;Comércio varejista de ferragens e ferramentas;0
2048015;4744-0/99;Comércio varejista de materiais de construção em geral;0
2048015;4741-5/00;Comércio varejista de tintas e materiais para pintura;0
2048015;4669-9/01;"Comércio atacadista de bombas e compressores; partes e peças";0
2048015;4661-3/00;"Comércio atacadista de máquinas, aparelhos e equipamentos para uso agropecuário; partes e peças";0
2048015;4751-2/01;Comércio varejista especializado de equipamentos e suprimentos de informática;0
2048015;4930-2/01;Transporte rodoviário de carga, exceto produtos perigosos e mudanças, municipal;0
2048015;4930-2/02;Transporte rodoviário de carga, exceto produtos perigosos e mudanças, intermunicipal, interestadual e internacional;0
2048015;4530-7/05;Comércio a varejo de pneumáticos e câmaras-de-ar;0
2048015;4744-0/03;Comércio varejista de materiais hidráulicos;0
2048015;4541-2/06;Comércio a varejo de peças e acessórios novos para motocicletas e motonetas;0
2048015;4744-0/06;Comércio varejista de pedras para revestimento;0
2048015;4743-1/00;Comércio varejista de vidros;0
2048015;4663-0/00;"Comércio atacadista de máquinas e equipamentos para uso industrial; partes e peças";0
2048015;4732-6/00;Comércio varejista de lubrificantes;0
2049098;1412-6/03;Facção de peças do vestuário, exceto roupas íntimas;1
2053149;1412-6/01;Confecção de peças do vestuário, exceto roupas íntimas e as confeccionadas sob medida;1
2053149;1412-6/03;Facção de peças do vestuário, exceto roupas íntimas;0
2053149;1411-8/01;Confecção de roupas íntimas;0
2053149;4642-7/01;Comércio atacadista de artigos do vestuário e acessórios, exceto profissionais e de segurança;0
2054559;4643-5/01;Comércio atacadista de calçados;1
2054559;4642-7/01;Comércio atacadista de artigos do vestuário e acessórios, exceto profissionais e de segurança;0
2054559;4639-7/01;Comércio atacadista de produtos alimentícios em geral;0
2054559;4643-5/02;Comércio atacadista de bolsas, malas e artigos de viagem;0
2054559;4641-9/03;Comércio atacadista de artigos de armarinho;0
2066101;4530-7/03;Comércio a varejo de peças e acessórios novos para veículos automotores;1
2066688;4789-0/02;Comércio varejista de plantas e flores naturais;1
2066688;8130-3/00;Atividades paisagísticas;0
2066688;0122-9/00;Cultivo de flores e plantas ornamentais;0
2066688;7729-2/99;Aluguel de outros objetos pessoais e domésticos não especificados anteriormente;0
2066688;4759-8/99;Comércio varejista de outros artigos de uso pessoal e doméstico não especificados anteriormente;0
2066688;8230-0/01;Serviços de organização de feiras, congressos, exposições e festas;0
2071025;2541-1/00;Fabricação de artigos de cutelaria;1
2071471;4541-2/06;Comércio a varejo de peças e acessórios novos para motocicletas e motonetas;1
2071471;4542-1/01;Representantes comerciais e agentes do comércio de motocicletas e motonetas, peças e acessórios;0
2071471;4754-7/02;Comércio varejista de artigos de colchoaria;0
2071471;4759-8/99;Comércio varejista de outros artigos de uso pessoal e doméstico não especificados anteriormente;0
2071471;7319-0/02;Promoção de vendas;0
2077418;4689-3/99;Comércio atacadista especializado em outros produtos intermediários não especificados anteriormente;1
2077418;5920-1/00;Atividades de gravação de som e de edição de música;0
2077418;7319-0/03;Marketing direto;0
2077418;3212-4/00;Fabricação de bijuterias e artefatos semelhantes;0
2077418;4649-4/07;Comércio atacadista de filmes, CDs, DVDs, fitas e discos;0
2077418;4647-8/02;Comércio atacadista de livros, jornais e outras publicações;0
2080184;4929-9/02;Transporte rodoviário coletivo de passageiros, sob regime de fretamento, intermunicipal, interestadual e internacional;1
2081551;2869-1/00;Fabricação de máquinas e equipamentos para uso industrial específico não especificados anteriormente, peças e acessórios;1
2081551;2941-7/00;Fabricação de peças e acessórios para o sistema motor de veículos automotores;0
2081551;2866-6/00;Fabricação de máquinas e equipamentos para a indústria do plástico, peças e acessórios;0
2081551;2949-2/99;Fabricação de outras peças e acessórios para veículos automotores não especificadas anteriormente;0
2081551;3092-0/00;Fabricação de bicicletas e triciclos não-motorizados, peças e acessórios;0
2081551;2829-1/99;Fabricação de outras máquinas e equipamentos de uso geral não especificados anteriormente, peças e acessórios;0
2081551;4614-1/00;Representantes comerciais e agentes do comércio de máquinas, equipamentos, embarcações e aeronaves;0
2081551;3314-7/99;Manutenção e reparação de outras máquinas e equipamentos para usos industriais não especificados anteriormente;0
2081551;7739-0/99;Aluguel de outras máquinas e equipamentos comerciais e industriais não especificados anteriormente, sem operador;0
2081551;4663-0/00;"Comércio atacadista de máquinas e equipamentos para uso industrial; partes e peças";0
2081551;2543-8/00;Fabricação de ferramentas;0
2081551;2833-0/00;Fabricação de máquinas e equipamentos para a agricultura e pecuária, peças e acessórios, exceto para irrigação;0
2081551;3321-0/00;Instalação de máquinas e equipamentos industriais;0
2081573;4511-1/01;Comércio a varejo de automóveis, camionetas e utilitários novos;1
2081573;5211-7/99;Depósitos de mercadorias para terceiros, exceto armazéns gerais e guarda-móveis;0
2081573;4632-0/01;Comércio atacadista de cereais e leguminosas beneficiados;0
2081573;4530-7/01;Comércio por atacado de peças e acessórios novos para veículos automotores;0
2081573;4520-0/01;Serviços de manutenção e reparação mecânica de veículos automotores;0
2088415;4789-0/99;Comércio varejista de outros produtos não especificados anteriormente;1
2088415;3313-9/01;Manutenção e reparação de geradores, transformadores e motores elétricos;0
2088415;9521-5/00;Reparação e manutenção de equipamentos eletroeletrônicos de uso pessoal e doméstico;0
2093193;2710-4/02;Fabricação de transformadores, indutores, conversores, sincronizadores e semelhantes, peças e acessórios;1
2093193;3321-0/00;Instalação de máquinas e equipamentos industriais;0
2098610;4635-4/99;Comércio atacadista de bebidas não especificadas anteriormente;1
2098610;4647-8/01;Comércio atacadista de artigos de escritório e de papelaria;0
2098610;4789-0/99;Comércio varejista de outros produtos não especificados anteriormente;0
2098610;4782-2/02;Comércio varejista de artigos de viagem;0
2098610;4649-4/99;Comércio atacadista de outros equipamentos e artigos de uso pessoal e doméstico não especificados anteriormente;0
2098610;4729-6/99;Comércio varejista de produtos alimentícios em geral ou especializado em produtos alimentícios não especificados anteriormente;0
2098610;4759-8/99;Comércio varejista de outros artigos de uso pessoal e doméstico não especificados anteriormente;0
2098610;4744-0/01;Comércio varejista de ferragens e ferramentas;0
2098610;4761-0/03;Comércio varejista de artigos de papelaria;0
2098610;4643-5/02;Comércio atacadista de bolsas, malas e artigos de viagem;0
2098610;4637-1/99;Comércio atacadista especializado em outros produtos alimentícios não especificados anteriormente;0
2098610;4723-7/00;Comércio varejista de bebidas;0
2098610;4672-9/00;Comércio atacadista de ferragens e ferramentas;0
2098611;4635-4/99;Comércio atacadista de bebidas não especificadas anteriormente;1
2098611;4637-1/99;Comércio atacadista especializado em outros produtos alimentícios não especificados anteriormente;0
2098611;4672-9/00;Comércio atacadista de ferragens e ferramentas;0
2098611;4643-5/02;Comércio atacadista de bolsas, malas e artigos de viagem;0
2098611;4647-8/01;Comércio atacadista de artigos de escritório e de papelaria;0
2098611;4649-4/99;Comércio atacadista de outros equipamentos e artigos de uso pessoal e doméstico não especificados anteriormente;0
2098613;4635-4/99;Comércio atacadista de bebidas não especificadas anteriormente;1
2098613;4643-5/02;Comércio atacadista de bolsas, malas e artigos de viagem;0
2098613;4759-8/99;Comércio varejista de outros artigos de uso pessoal e doméstico não especificados anteriormente;0
2098613;4637-1/99;Comércio atacadista especializado em outros produtos alimentícios não especificados anteriormente;0
2098613;4789-0/99;Comércio varejista de outros produtos não especificados anteriormente;0
2098613;4649-4/99;Comércio atacadista de outros equipamentos e artigos de uso pessoal e doméstico não especificados anteriormente;0
2098613;4761-0/03;Comércio varejista de artigos de papelaria;0
2098613;4744-0/01;Comércio varejista de ferragens e ferramentas;0
2098613;4723-7/00;Comércio varejista de bebidas;0
2098613;4782-2/02;Comércio varejista de artigos de viagem;0
2098613;4647-8/01;Comércio atacadista de artigos de escritório e de papelaria;0
2098613;4729-6/99;Comércio varejista de produtos alimentícios em geral ou especializado em produtos alimentícios não especificados anteriormente;0
2098613;4672-9/00;Comércio atacadista de ferragens e ferramentas;0
2101155;4651-6/01;Comércio atacadista de equipamentos de informática;1
2101155;4756-3/00;Comércio varejista especializado de instrumentos musicais e acessórios;0
2101155;5250-8/02;Atividades de despachantes aduaneiros;0
2101155;8299-7/99;Outras atividades de serviços prestados principalmente às empresas não especificadas anteriormente;0
2101155;8599-6/04;Treinamento em desenvolvimento profissional e gerencial;0
2101155;6202-3/00;Desenvolvimento e licenciamento de programas de computador customizáveis;0
2101155;5212-5/00;Carga e descarga;0
2101155;4759-8/99;Comércio varejista de outros artigos de uso pessoal e doméstico não especificados anteriormente;0
2101155;8111-7/00;Serviços combinados para apoio a edifícios, exceto condomínios prediais;0
2101155;7729-2/02;"Aluguel de móveis, utensílios e aparelhos de uso doméstico e pessoal; instrumentos musicais";0
2101155;8599-6/03;Treinamento em informática;0
2101155;4689-3/99;Comércio atacadista especializado em outros produtos intermediários não especificados anteriormente;0
2101155;4669-9/99;"Comércio atacadista de outras máquinas e equipamentos não especificados anteriormente; partes e peças";0
2101155;4673-7/00;Comércio atacadista de material elétrico;0
2101155;4751-2/01;Comércio varejista especializado de equipamentos e suprimentos de informática;0
2101155;4693-1/00;Comércio atacadista de mercadorias em geral, sem predominância de alimentos ou de insumos agropecuários;0
2101155;8020-0/01;Atividades de monitoramento de sistemas de segurança eletrônico;0
2101155;5250-8/03;Agenciamento de cargas, exceto para o transporte marítimo;0
2101155;9512-6/00;Reparação e manutenção de equipamentos de comunicação;0
2101155;6822-6/00;Gestão e administração da propriedade imobiliária;0
2101155;4789-0/99;Comércio varejista de outros produtos não especificados anteriormente;0
2101155;4753-9/00;Comércio varejista especializado de eletrodomésticos e equipamentos de áudio e vídeo;0
2101155;6209-1/00;Suporte técnico, manutenção e outros serviços em tecnologia da informação;0
2101155;4619-2/00;Representantes comerciais e agentes do comércio de mercadorias em geral não especializado;0
2101155;4757-1/00;Comércio varejista especializado de peças e acessórios para aparelhos eletroeletrônicos para uso doméstico, exceto informática e comunicação;0
2101155;7490-1/04;Atividades de intermediação e agenciamento de serviços e negócios em geral, exceto imobiliários;0
2101155;7020-4/00;Atividades de consultoria em gestão empresarial, exceto consultoria técnica específica;0
2101155;5250-8/01;Comissaria de despachos;0
2101155;4930-2/01;Transporte rodoviário de carga, exceto produtos perigosos e mudanças, municipal;0
2101155;7739-0/99;Aluguel de outras máquinas e equipamentos comerciais e industriais não especificados anteriormente, sem operador;0
2101155;6399-2/00;Outras atividades de prestação de serviços de informação não especificadas anteriormente;0
2101155;4652-4/00;Comércio atacadista de componentes eletrônicos e equipamentos de telefonia e comunicação;0
2101155;4649-4/02;Comércio atacadista de aparelhos eletrônicos de uso pessoal e doméstico;0
2101155;4752-1/00;Comércio varejista especializado de equipamentos de telefonia e comunicação;0
2101155;4649-4/99;Comércio atacadista de outros equipamentos e artigos de uso pessoal e doméstico não especificados anteriormente;0
2101155;6203-1/00;Desenvolvimento e licenciamento de programas de computador não-customizáveis;0
2101155;4649-4/01;Comércio atacadista de equipamentos elétricos de uso pessoal e doméstico;0
2101155;5232-0/00;Atividades de agenciamento marítimo;0
2101155;7733-1/00;Aluguel de máquinas e equipamentos para escritório;0
2101155;4321-5/00;Instalação e manutenção elétrica;0
2101155;4651-6/02;Comércio atacadista de suprimentos para informática;0
2105295;4530-7/03;Comércio a varejo de peças e acessórios novos para veículos automotores;1
2105295;4689-3/99;Comércio atacadista especializado em outros produtos intermediários não especificados anteriormente;0
2105295;4763-6/04;Comércio varejista de artigos de caça, pesca e camping;0
2105295;2930-1/03;Fabricação de cabines, carrocerias e reboques para outros veículos automotores, exceto caminhões e ônibus;0
2105295;4751-2/01;Comércio varejista especializado de equipamentos e suprimentos de informática;0
2105295;7731-4/00;Aluguel de máquinas e equipamentos agrícolas sem operador;0
2105295;5212-5/00;Carga e descarga;0
2105295;4530-7/01;Comércio por atacado de peças e acessórios novos para veículos automotores;0
2105295;4511-1/04;Comércio por atacado de caminhões novos e usados;0
2105295;4530-7/04;Comércio a varejo de peças e acessórios usados para veículos automotores;0
2105295;7729-2/02;"Aluguel de móveis, utensílios e aparelhos de uso doméstico e pessoal; instrumentos musicais";0
2105295;4292-8/01;Montagem de estruturas metálicas;0
2105295;4781-4/00;Comércio varejista de artigos do vestuário e acessórios;0
2105295;4681-8/02;Comércio atacadista de combustíveis realizado por transportador retalhista (TRR);0
2105295;2944-1/00;Fabricação de peças e acessórios para o sistema de direção e suspensão de veículos automotores;0
2105295;6493-0/00;Administração de consórcios para aquisição de bens e direitos;0
2105295;4520-0/04;Serviços de alinhamento e balanceamento de veículos automotores;0
2105295;4744-0/01;Comércio varejista de ferragens e ferramentas;0
2105295;4649-4/02;Comércio atacadista de aparelhos eletrônicos de uso pessoal e doméstico;0
2105295;4542-1/02;Comércio sob consignação de motocicletas e motonetas;0
2105295;4399-1/99;Serviços especializados para construção não especificados anteriormente;0
2105295;4755-5/01;Comércio varejista de tecidos;0
2105295;4541-2/02;Comércio por atacado de peças e acessórios para motocicletas e motonetas;0
2105295;4520-0/02;Serviços de lanternagem ou funilaria e pintura de veículos automotores;0
2105295;3317-1/02;Manutenção e reparação de embarcações para esporte e lazer;0
2105295;7420-0/02;Atividades de produção de fotografias aéreas e submarinas;0
2105295;4520-0/01;Serviços de manutenção e reparação mecânica de veículos automotores;0
2105295;2942-5/00;Fabricação de peças e acessórios para os sistemas de marcha e transmissão de veículos automotores;0
2105295;4713-0/02;Lojas de variedades, exceto lojas de departamentos ou magazines;0
2105295;4399-1/02;Montagem e desmontagem de andaimes e outras estruturas temporárias;0
2105295;7721-7/00;Aluguel de equipamentos recreativos e esportivos;0
2105295;3319-8/00;Manutenção e reparação de equipamentos e produtos não especificados anteriormente;0
2105295;3091-1/02;Fabricação de peças e acessórios para motocicletas;0
2105295;7719-5/01;Locação de embarcações sem tripulação, exceto para fins recreativos;0
2105295;2599-3/02;Serviço de corte e dobra de metais;0
2105295;4541-2/01;Comércio por atacado de motocicletas e motonetas;0
2105295;4652-4/00;Comércio atacadista de componentes eletrônicos e equipamentos de telefonia e comunicação;0
2105295;2591-8/00;Fabricação de embalagens metálicas;0
2105295;4642-7/02;Comércio atacadista de roupas e acessórios para uso profissional e de segurança do trabalho;0
2105295;3329-5/99;Instalação de outros equipamentos não especificados anteriormente;0
2105295;4930-2/02;Transporte rodoviário de carga, exceto produtos perigosos e mudanças, intermunicipal, interestadual e internacional;0
2105295;7312-2/00;Agenciamento de espaços para publicidade, exceto em veículos de comunicação;0
2105295;5911-1/99;Atividades de produção cinematográfica, de vídeos e de programas de televisão não especificadas anteriormente;0
2105295;3292-2/01;Fabricação de roupas de proteção e segurança e resistentes a fogo;0
2105295;4754-7/03;Comércio varejista de artigos de iluminação;0
2105295;4399-1/01;Administração de obras;0
2105295;4647-8/01;Comércio atacadista de artigos de escritório e de papelaria;0
2105295;4753-9/00;Comércio varejista especializado de eletrodomésticos e equipamentos de áudio e vídeo;0
2105295;7729-2/03;Aluguel de material médico;0
2105295;4641-9/02;Comércio atacadista de artigos de cama, mesa e banho;0
2105295;4512-9/02;Comércio sob consignação de veículos automotores;0
2105295;3317-1/01;Manutenção e reparação de embarcações e estruturas flutuantes;0
2105295;1811-3/02;Impressão de livros, revistas e outras publicações periódicas;0
2105295;4643-5/01;Comércio atacadista de calçados;0
2105295;2593-4/00;Fabricação de artigos de metal para uso doméstico e pessoal;0
2105295;4763-6/01;Comércio varejista de brinquedos e artigos recreativos;0
2105295;2910-7/02;Fabricação de chassis com motor para automóveis, camionetas e utilitários;0
2105295;4763-6/03;"Comércio varejista de bicicletas e triciclos; peças e acessórios";0
2105295;4511-1/02;Comércio a varejo de automóveis, camionetas e utilitários usados;0
2105295;4530-7/02;Comércio por atacado de pneumáticos e câmaras-de-ar;0
2105295;4755-5/03;Comercio varejista de artigos de cama, mesa e banho;0
2105295;4543-9/00;Manutenção e reparação de motocicletas e motonetas;0
2105295;4782-2/01;Comércio varejista de calçados;0
2105295;5229-0/02;Serviços de reboque de veículos;0
2105295;4511-1/03;Comércio por atacado de automóveis, camionetas e utilitários novos e usados;0
2105295;4643-5/02;Comércio atacadista de bolsas, malas e artigos de viagem;0
2105295;5240-1/99;Atividades auxiliares dos transportes aéreos, exceto operação dos aeroportos e campos de aterrissagem;0
2105295;7719-5/99;Locação de outros meios de transporte não especificados anteriormente, sem condutor;0
2105295;5250-8/03;Agenciamento de cargas, exceto para o transporte marítimo;0
2105295;7490-1/05;Agenciamento de profissionais para atividades esportivas, culturais e artísticas;0
2105295;4511-1/01;Comércio a varejo de automóveis, camionetas e utilitários novos;0
2105295;2941-7/00;Fabricação de peças e acessórios para o sistema motor de veículos automotores;0
2105295;2740-6/02;Fabricação de luminárias e outros equipamentos de iluminação;0
2105295;2511-0/00;Fabricação de estruturas metálicas;0
2105295;4511-1/05;Comércio por atacado de reboques e semi-reboques novos e usados;0
2105295;4520-0/03;Serviços de manutenção e reparação elétrica de veículos automotores;0
2105295;7311-4/00;Agências de publicidade;0
2105295;1813-0/99;Impressão de material para outros usos;0
2105295;4669-9/01;"Comércio atacadista de bombas e compressores; partes e peças";0
2105295;7319-0/02;Promoção de vendas;0
2105295;2930-1/01;Fabricação de cabines, carrocerias e reboques para caminhões;0
2105295;2945-0/00;Fabricação de material elétrico e eletrônico para veículos automotores, exceto baterias;0
2105295;7732-2/01;Aluguel de máquinas e equipamentos para construção sem operador, exceto andaimes;0
2105295;4541-2/04;Comércio a varejo de motocicletas e motonetas usadas;0
2105295;4541-2/03;Comércio a varejo de motocicletas e motonetas novas;0
2105295;1529-7/00;Fabricação de artefatos de couro não especificados anteriormente;0
2105295;4520-0/08;Serviços de capotaria;0
2105295;2542-0/00;Fabricação de artigos de serralheria, exceto esquadrias;0
2105295;4763-6/05;"Comércio varejista de embarcações e outros veículos recreativos; peças e acessórios";0
2105295;1812-1/00;Impressão de material de segurança;0
2105295;7319-0/04;Consultoria em publicidade;0
2105295;4763-6/02;Comércio varejista de artigos esportivos;0
2105295;4511-1/06;Comércio por atacado de ônibus e microônibus novos e usados;0
2105295;7711-0/00;Locação de automóveis sem condutor;0
2105295;4530-7/05;Comércio a varejo de pneumáticos e câmaras-de-ar;0
2105295;4649-4/03;Comércio atacadista de bicicletas, triciclos e outros veículos recreativos;0
2105295;2949-2/99;Fabricação de outras peças e acessórios para veículos automotores não especificadas anteriormente;0
2105295;2592-6/02;Fabricação de produtos de trefilados de metal, exceto padronizados;0
2105295;2221-8/00;Fabricação de laminados planos e tubulares de material plástico;0
2105295;3292-2/02;Fabricação de equipamentos e acessórios para segurança pessoal e profissional;0
2105429;4530-7/03;Comércio a varejo de peças e acessórios novos para veículos automotores;1
2105429;4520-0/03;Serviços de manutenção e reparação elétrica de veículos automotores;0
2105710;2330-3/99;Fabricação de outros artefatos e produtos de concreto, cimento, fibrocimento, gesso e materiais semelhantes;1
2105710;4744-0/05;Comércio varejista de materiais de construção não especificados anteriormente;0
2107432;4782-2/01;Comércio varejista de calçados;1
2107432;4763-6/02;Comércio varejista de artigos esportivos;0
2107432;4763-6/04;Comércio varejista de artigos de caça, pesca e camping;0
2107432;4781-4/00;Comércio varejista de artigos do vestuário e acessórios;0
2107476;4753-9/00;Comércio varejista especializado de eletrodomésticos e equipamentos de áudio e vídeo;1
2107476;4322-3/02;Instalação e manutenção de sistemas centrais de ar condicionado, de ventilação e refrigeração;0
2107476;4789-0/05;Comércio varejista de produtos saneantes domissanitários;0
2107476;9521-5/00;Reparação e manutenção de equipamentos eletroeletrônicos de uso pessoal e doméstico;0
2107476;4757-1/00;Comércio varejista especializado de peças e acessórios para aparelhos eletroeletrônicos para uso doméstico, exceto informática e comunicação;0
2108145;4759-8/01;Comércio varejista de artigos de tapeçaria, cortinas e persianas;1
2108145;4744-0/06;Comércio varejista de pedras para revestimento;0
2108145;4649-4/05;"Comércio atacadista de artigos de tapeçaria; persianas e cortinas";0
2113453;1629-3/01;Fabricação de artefatos diversos de madeira, exceto móveis;1
2113453;2833-0/00;Fabricação de máquinas e equipamentos para a agricultura e pecuária, peças e acessórios, exceto para irrigação;0
2113453;4661-3/00;"Comércio atacadista de máquinas, aparelhos e equipamentos para uso agropecuário; partes e peças";0
2114935;4930-2/02;Transporte rodoviário de carga, exceto produtos perigosos e mudanças, intermunicipal, interestadual e internacional;1
2114935;4930-2/01;Transporte rodoviário de carga, exceto produtos perigosos e mudanças, municipal;0
2114935;4619-2/00;Representantes comerciais e agentes do comércio de mercadorias em geral não especializado;0
2114935;4649-4/08;Comércio atacadista de produtos de higiene, limpeza e conservação domiciliar;0
2114935;4637-1/99;Comércio atacadista especializado em outros produtos alimentícios não especificados anteriormente;0
2116299;5611-2/01;Restaurantes e similares;1
2116299;5611-2/03;Lanchonetes, casas de chá, de sucos e similares;0
2116299;5611-2/04;Bares e outros estabelecimentos especializados em servir bebidas, sem entretenimento;0
2116299;4729-6/02;Comércio varejista de mercadorias em lojas de conveniência;0
2116299;5611-2/05;Bares e outros estabelecimentos especializados em servir bebidas, com entretenimento;0
2122746;1629-3/01;Fabricação de artefatos diversos de madeira, exceto móveis;1
2122746;3299-0/99;Fabricação de produtos diversos não especificados anteriormente;0
2122746;2229-3/99;Fabricação de artefatos de material plástico para outros usos não especificados anteriormente;0
2122746;2229-3/02;Fabricação de artefatos de material plástico para usos industriais;0
2127926;4683-4/00;Comércio atacadista de defensivos agrícolas, adubos, fertilizantes e corretivos do solo;1
2127926;4623-1/06;Comércio atacadista de sementes, flores, plantas e gramas;0
2127926;4930-2/02;Transporte rodoviário de carga, exceto produtos perigosos e mudanças, intermunicipal, interestadual e internacional;0
2127926;4930-2/03;Transporte rodoviário de produtos perigosos;0
2127926;4789-0/04;Comércio varejista de animais vivos e de artigos e alimentos para animais de estimação;0
2132207;4644-3/01;Comércio atacadista de medicamentos e drogas de uso humano;1
2132207;4645-1/01;Comércio atacadista de instrumentos e materiais para uso médico, cirúrgico, hospitalar e de laboratórios;0
2132207;4649-4/08;Comércio atacadista de produtos de higiene, limpeza e conservação domiciliar;0
2132207;4646-0/01;Comércio atacadista de cosméticos e produtos de perfumaria;0
2132207;4771-7/04;Comércio varejista de medicamentos veterinários;0
2132207;4646-0/02;Comércio atacadista de produtos de higiene pessoal;0
2132207;4644-3/02;Comércio atacadista de medicamentos e drogas de uso veterinário;0
2132207;4664-8/00;"Comércio atacadista de máquinas, aparelhos e equipamentos para uso odonto-médico-hospitalar; partes e peças";0
2132207;4642-7/02;Comércio atacadista de roupas e acessórios para uso profissional e de segurança do trabalho;0
2132207;4773-3/00;Comércio varejista de artigos médicos e ortopédicos;0
2132207;4771-7/01;Comércio varejista de produtos farmacêuticos, sem manipulação de fórmulas;0
2132207;4645-1/03;Comércio atacadista de produtos odontológicos;0
2132207;4789-0/05;Comércio varejista de produtos saneantes domissanitários;0
2132207;4772-5/00;Comércio varejista de cosméticos, produtos de perfumaria e de higiene pessoal;0
2133024;4645-1/01;Comércio atacadista de instrumentos e materiais para uso médico, cirúrgico, hospitalar e de laboratórios;1
2133024;3312-1/03;Manutenção e reparação de aparelhos eletromédicos e eletroterapêuticos e equipamentos de irradiação;0
2133024;7739-0/02;Aluguel de equipamentos científicos, médicos e hospitalares, sem operador;0
2133024;4649-4/08;Comércio atacadista de produtos de higiene, limpeza e conservação domiciliar;0
2133024;8640-2/07;Serviços de diagnóstico por imagem sem uso de radiação ionizante, exceto ressonância magnética;0
2133024;1830-0/03;Reprodução de software em qualquer suporte;0
2133024;4618-4/02;Representantes comerciais e agentes do comércio de instrumentos e materiais odonto-médico-hospitalares;0
2138864;4729-6/99;Comércio varejista de produtos alimentícios em geral ou especializado em produtos alimentícios não especificados anteriormente;1
2138864;4763-6/02;Comércio varejista de artigos esportivos;0
2138864;4721-1/04;Comércio varejista de doces, balas, bombons e semelhantes;0
2138864;4781-4/00;Comércio varejista de artigos do vestuário e acessórios;0
2140299;4530-7/04;Comércio a varejo de peças e acessórios usados para veículos automotores;1
2144546;4313-4/00;Obras de terraplenagem;1
2144546;4930-2/03;Transporte rodoviário de produtos perigosos;0
2150951;2099-1/99;Fabricação de outros produtos químicos não especificados anteriormente;1
2150951;4612-5/00;Representantes comerciais e agentes do comércio de combustíveis, minerais, produtos siderúrgicos e químicos;0
2150951;4684-2/99;Comércio atacadista de outros produtos químicos e petroquímicos não especificados anteriormente;0
2150951;5211-7/99;Depósitos de mercadorias para terceiros, exceto armazéns gerais e guarda-móveis;0
2150951;6462-0/00;Holdings de instituições não-financeiras;0
2150951;2093-2/00;Fabricação de aditivos de uso industrial;0
2153397;4744-0/05;Comércio varejista de materiais de construção não especificados anteriormente;1
2153888;1340-5/01;Estamparia e texturização em fios, tecidos, artefatos têxteis e peças do vestuário;1
2153888;1340-5/02;Alvejamento, tingimento e torção em fios, tecidos, artefatos têxteis e peças do vestuário;0
2153888;4641-9/01;Comércio atacadista de tecidos;0
2157173;2543-8/00;Fabricação de ferramentas;1
2157173;4744-0/01;Comércio varejista de ferragens e ferramentas;0
2157173;4672-9/00;Comércio atacadista de ferragens e ferramentas;0
2157173;9529-1/99;Reparação e manutenção de outros objetos e equipamentos pessoais e domésticos não especificados anteriormente;0
2157235;3101-2/00;Fabricação de móveis com predominância de madeira;1
2157235;3103-9/00;Fabricação de móveis de outros materiais, exceto madeira e metal;0
2157235;1622-6/02;Fabricação de esquadrias de madeira e de peças de madeira para instalações industriais e comerciais;0
2157235;3102-1/00;Fabricação de móveis com predominância de metal;0
2157235;9529-1/05;Reparação de artigos do mobiliário;0
2163404;4120-4/00;Construção de edifícios;1
2163404;4399-1/99;Serviços especializados para construção não especificados anteriormente;0
2163404;4222-7/01;Construção de redes de abastecimento de água, coleta de esgoto e construções correlatas, exceto obras de irrigação;0
2163404;7732-2/01;Aluguel de máquinas e equipamentos para construção sem operador, exceto andaimes;0
2163404;2330-3/05;Preparação de massa de concreto e argamassa para construção;0
2163404;4213-8/00;Obras de urbanização - ruas, praças e calçadas;0
2163404;4313-4/00;Obras de terraplenagem;0
2163404;4211-1/01;Construção de rodovias e ferrovias;0
2163404;4930-2/02;Transporte rodoviário de carga, exceto produtos perigosos e mudanças, intermunicipal, interestadual e internacional;0
2163404;7112-0/00;Serviços de engenharia;0
2163404;4391-6/00;Obras de fundações;0
2163404;6810-2/03;Loteamento de imóveis próprios;0
2163404;4110-7/00;Incorporação de empreendimentos imobiliários;0
2163404;4212-0/00;Construção de obras-de-arte especiais;0
2163404;6810-2/01;Compra e venda de imóveis próprios;0
2163404;4930-2/01;Transporte rodoviário de carga, exceto produtos perigosos e mudanças, municipal;0
2163404;4299-5/99;Outras obras de engenharia civil não especificadas anteriormente;0
2163404;6810-2/02;Aluguel de imóveis próprios;0
2163404;4399-1/01;Administração de obras;0
2163404;4399-1/04;Serviços de operação e fornecimento de equipamentos para transporte e elevação de cargas e pessoas para uso em obras;0
2165177;4661-3/00;"Comércio atacadista de máquinas, aparelhos e equipamentos para uso agropecuário; partes e peças";1
2165177;4930-2/02;Transporte rodoviário de carga, exceto produtos perigosos e mudanças, intermunicipal, interestadual e internacional;0
2165177;6619-3/02;Correspondentes de instituições financeiras;0
2165177;6463-8/00;Outras sociedades de participação, exceto holdings;0
2165177;6462-0/00;Holdings de instituições não-financeiras;0
2169147;4781-4/00;Comércio varejista de artigos do vestuário e acessórios;1
2169147;4754-7/02;Comércio varejista de artigos de colchoaria;0
2169147;4782-2/02;Comércio varejista de artigos de viagem;0
2169147;4759-8/99;Comércio varejista de outros artigos de uso pessoal e doméstico não especificados anteriormente;0
2169147;4755-5/02;Comercio varejista de artigos de armarinho;0
2169147;4759-8/01;Comércio varejista de artigos de tapeçaria, cortinas e persianas;0
2169147;4761-0/03;Comércio varejista de artigos de papelaria;0
2169147;4789-0/99;Comércio varejista de outros produtos não especificados anteriormente;0
2169147;4782-2/01;Comércio varejista de calçados;0
2169147;4763-6/01;Comércio varejista de brinquedos e artigos recreativos;0
2169147;4755-5/03;Comercio varejista de artigos de cama, mesa e banho;0
2169147;4755-5/01;Comércio varejista de tecidos;0
2169147;4789-0/01;Comércio varejista de suvenires, bijuterias e artesanatos;0
2169147;4763-6/02;Comércio varejista de artigos esportivos;0
2169263;1531-9/01;Fabricação de calçados de couro;1
2169263;4642-7/01;Comércio atacadista de artigos do vestuário e acessórios, exceto profissionais e de segurança;0
2169263;4759-8/99;Comércio varejista de outros artigos de uso pessoal e doméstico não especificados anteriormente;0
2169263;4782-2/02;Comércio varejista de artigos de viagem;0
2169263;1521-1/00;Fabricação de artigos para viagem, bolsas e semelhantes de qualquer material;0
2169263;1532-7/00;Fabricação de tênis de qualquer material;0
2169263;1540-8/00;Fabricação de partes para calçados, de qualquer material;0
2169263;4781-4/00;Comércio varejista de artigos do vestuário e acessórios;0
2169263;4782-2/01;Comércio varejista de calçados;0
2169449;4761-0/01;Comércio varejista de livros;1
2173374;4789-0/99;Comércio varejista de outros produtos não especificados anteriormente;1
2173374;4322-3/03;Instalações de sistema de prevenção contra incêndio;0
2173374;3314-7/10;Manutenção e reparação de máquinas e equipamentos para uso geral não especificados anteriormente;0
2173374;4742-3/00;Comércio varejista de material elétrico;0
2173374;4772-5/00;Comércio varejista de cosméticos, produtos de perfumaria e de higiene pessoal;0
2173374;4321-5/00;Instalação e manutenção elétrica;0
2173374;4744-0/99;Comércio varejista de materiais de construção em geral;0
2176863;2222-6/00;Fabricação de embalagens de material plástico;1
2176863;2229-3/99;Fabricação de artefatos de material plástico para outros usos não especificados anteriormente;0
2176863;4689-3/99;Comércio atacadista especializado em outros produtos intermediários não especificados anteriormente;0
2176863;4665-6/00;"Comércio atacadista de máquinas e equipamentos para uso comercial; partes e peças";0
2176863;4686-9/02;Comércio atacadista de embalagens;0
2178105;1510-6/00;Curtimento e outras preparações de couro;1
2178105;4789-0/99;Comércio varejista de outros produtos não especificados anteriormente;0
2178105;4623-1/02;Comércio atacadista de couros, lãs, peles e outros subprodutos não-comestíveis de origem animal;0
2179130;2330-3/02;Fabricação de artefatos de cimento para uso na construção;1
2179130;4399-1/04;Serviços de operação e fornecimento de equipamentos para transporte e elevação de cargas e pessoas para uso em obras;0
2179130;4313-4/00;Obras de terraplenagem;0
2179130;4930-2/02;Transporte rodoviário de carga, exceto produtos perigosos e mudanças, intermunicipal, interestadual e internacional;0
2179421;4530-7/01;Comércio por atacado de peças e acessórios novos para veículos automotores;1
2179421;4530-7/03;Comércio a varejo de peças e acessórios novos para veículos automotores;0
2179670;4530-7/01;Comércio por atacado de peças e acessórios novos para veículos automotores;1
2179670;4530-7/03;Comércio a varejo de peças e acessórios novos para veículos automotores;0
2179670;4744-0/01;Comércio varejista de ferragens e ferramentas;0
2179670;4530-7/05;Comércio a varejo de pneumáticos e câmaras-de-ar;0
2179807;4530-7/03;Comércio a varejo de peças e acessórios novos para veículos automotores;1
2179807;4520-0/05;Serviços de lavagem, lubrificação e polimento de veículos automotores;0
2179807;4520-0/01;Serviços de manutenção e reparação mecânica de veículos automotores;0
2179807;4520-0/03;Serviços de manutenção e reparação elétrica de veículos automotores;0
2179807;4520-0/06;Serviços de borracharia para veículos automotores;0
2179807;4732-6/00;Comércio varejista de lubrificantes;0
2179807;4520-0/08;Serviços de capotaria;0
2179807;4520-0/02;Serviços de lanternagem ou funilaria e pintura de veículos automotores;0
2179807;2950-6/00;Recondicionamento e recuperação de motores para veículos automotores;0
2179807;4520-0/04;Serviços de alinhamento e balanceamento de veículos automotores;0
2186430;4744-0/99;Comércio varejista de materiais de construção em geral;1
2186430;4713-0/04;Lojas de departamentos ou magazines, exceto lojas francas (duty free);0
2189551;4682-6/00;Comércio atacadista de gás liqüefeito de petróleo (GLP);1
2189551;4784-9/00;Comércio varejista de gás liqüefeito de petróleo (GLP);0
2189551;4930-2/03;Transporte rodoviário de produtos perigosos;0
2201269;2823-2/00;Fabricação de máquinas e aparelhos de refrigeração e ventilação para uso industrial e comercial, peças e acessórios;1
2201269;4649-4/01;Comércio atacadista de equipamentos elétricos de uso pessoal e doméstico;0
2201269;4754-7/01;Comércio varejista de móveis;0
2201269;2229-3/02;Fabricação de artefatos de material plástico para usos industriais;0
2201269;2759-7/99;Fabricação de outros aparelhos eletrodomésticos não especificados anteriormente, peças e acessórios;0
2201269;3314-7/07;Manutenção e reparação de máquinas e aparelhos de refrigeração e ventilação para uso industrial e comercial;0
2201269;3319-8/00;Manutenção e reparação de equipamentos e produtos não especificados anteriormente;0
2201269;4686-9/02;Comércio atacadista de embalagens;0
2201269;4649-4/99;Comércio atacadista de outros equipamentos e artigos de uso pessoal e doméstico não especificados anteriormente;0
2201269;2319-2/00;Fabricação de artigos de vidro;0
2201269;4649-4/04;Comércio atacadista de móveis e artigos de colchoaria;0
2201269;3101-2/00;Fabricação de móveis com predominância de madeira;0
2201269;3102-1/00;Fabricação de móveis com predominância de metal;0
2201269;7739-0/99;Aluguel de outras máquinas e equipamentos comerciais e industriais não especificados anteriormente, sem operador;0
2201269;3103-9/00;Fabricação de móveis de outros materiais, exceto madeira e metal;0
2201269;4753-9/00;Comércio varejista especializado de eletrodomésticos e equipamentos de áudio e vídeo;0
2201269;4663-0/00;"Comércio atacadista de máquinas e equipamentos para uso industrial; partes e peças";0
2201269;2511-0/00;Fabricação de estruturas metálicas;0
2201640;4530-7/03;Comércio a varejo de peças e acessórios novos para veículos automotores;1
2201640;4520-0/01;Serviços de manutenção e reparação mecânica de veículos automotores;0
2201640;8599-6/04;Treinamento em desenvolvimento profissional e gerencial;0
2201649;4683-4/00;Comércio atacadista de defensivos agrícolas, adubos, fertilizantes e corretivos do solo;1
2201649;4661-3/00;"Comércio atacadista de máquinas, aparelhos e equipamentos para uso agropecuário; partes e peças";0
2201649;0161-0/01;Serviço de pulverização e controle de pragas agrícolas;0
2201649;3812-2/00;Coleta de resíduos perigosos;0
2201649;4930-2/03;Transporte rodoviário de produtos perigosos;0
2201649;4930-2/02;Transporte rodoviário de carga, exceto produtos perigosos e mudanças, intermunicipal, interestadual e internacional;0
2201649;4618-4/99;Outros representantes comerciais e agentes do comércio especializado em produtos não especificados anteriormente;0
2201827;4744-0/99;Comércio varejista de materiais de construção em geral;1
2201827;4930-2/02;Transporte rodoviário de carga, exceto produtos perigosos e mudanças, intermunicipal, interestadual e internacional;0
2201827;4930-2/01;Transporte rodoviário de carga, exceto produtos perigosos e mudanças, municipal;0
2201827;4741-5/00;Comércio varejista de tintas e materiais para pintura;0
2201827;4744-0/01;Comércio varejista de ferragens e ferramentas;0
2201827;4744-0/03;Comércio varejista de materiais hidráulicos;0
2201827;4744-0/02;Comércio varejista de madeira e artefatos;0
2201827;4744-0/04;Comércio varejista de cal, areia, pedra britada, tijolos e telhas;0
2201827;4742-3/00;Comércio varejista de material elétrico;0
2209130;4530-7/03;Comércio a varejo de peças e acessórios novos para veículos automotores;1
2209130;4520-0/07;Serviços de instalação, manutenção e reparação de acessórios para veículos automotores;0
2209130;4520-0/03;Serviços de manutenção e reparação elétrica de veículos automotores;0
2209130;4530-7/04;Comércio a varejo de peças e acessórios usados para veículos automotores;0
2209130;4618-4/99;Outros representantes comerciais e agentes do comércio especializado em produtos não especificados anteriormente;0
2210529;4685-1/00;Comércio atacadista de produtos siderúrgicos e metalúrgicos, exceto para construção;1
2210529;4679-6/01;Comércio atacadista de tintas, vernizes e similares;0
2210529;4663-0/00;"Comércio atacadista de máquinas e equipamentos para uso industrial; partes e peças";0
2210529;4689-3/02;Comércio atacadista de fios e fibras beneficiados;0
2210557;4661-3/00;"Comércio atacadista de máquinas, aparelhos e equipamentos para uso agropecuário; partes e peças";1
2210557;4614-1/00;Representantes comerciais e agentes do comércio de máquinas, equipamentos, embarcações e aeronaves;0
2228745;1311-1/00;Preparação e fiação de fibras de algodão;1
2228745;4642-7/01;Comércio atacadista de artigos do vestuário e acessórios, exceto profissionais e de segurança;0
2228745;4623-1/03;Comércio atacadista de algodão;0
2228745;3513-1/00;Comércio atacadista de energia elétrica;0
2228745;4789-0/99;Comércio varejista de outros produtos não especificados anteriormente;0
2230428;1092-9/00;Fabricação de biscoitos e bolachas;1
2234536;3832-7/00;Recuperação de materiais plásticos;1
2234536;4930-2/02;Transporte rodoviário de carga, exceto produtos perigosos e mudanças, intermunicipal, interestadual e internacional;0
2234536;2031-2/00;Fabricação de resinas termoplásticas;0
2234536;3839-4/99;Recuperação de materiais não especificados anteriormente;0
2234536;4687-7/01;Comércio atacadista de resíduos de papel e papelão;0
2234536;4687-7/03;Comércio atacadista de resíduos e sucatas metálicos;0
2234536;4687-7/02;Comércio atacadista de resíduos e sucatas não-metálicos, exceto de papel e papelão;0
2234536;3831-9/99;Recuperação de materiais metálicos, exceto alumínio;0
2241109;9420-1/00;Atividades de organizações sindicais;1
2241160;4530-7/03;Comércio a varejo de peças e acessórios novos para veículos automotores;1
2241160;4530-7/05;Comércio a varejo de pneumáticos e câmaras-de-ar;0
2241160;4530-7/04;Comércio a varejo de peças e acessórios usados para veículos automotores;0
2241160;4520-0/04;Serviços de alinhamento e balanceamento de veículos automotores;0
2241160;4520-0/01;Serviços de manutenção e reparação mecânica de veículos automotores;0
2241160;2949-2/99;Fabricação de outras peças e acessórios para veículos automotores não especificadas anteriormente;0
2245309;4763-6/03;"Comércio varejista de bicicletas e triciclos; peças e acessórios";1
2245309;9529-1/04;Reparação de bicicletas, triciclos e outros veículos não-motorizados;0
2245309;3092-0/00;Fabricação de bicicletas e triciclos não-motorizados, peças e acessórios;0
2261747;2223-4/00;Fabricação de tubos e acessórios de material plástico para uso na construção;1
2261747;4679-6/99;Comércio atacadista de materiais de construção em geral;0
2261747;2399-1/99;Fabricação de outros produtos de minerais não-metálicos não especificados anteriormente;0
2261747;2229-3/02;Fabricação de artefatos de material plástico para usos industriais;0
2264951;4711-3/02;Comércio varejista de mercadorias em geral, com predominância de produtos alimentícios - supermercados;1
2264951;4110-7/00;Incorporação de empreendimentos imobiliários;1
2264951;4679-6/99;Comércio atacadista de materiais de construção em geral;0
